{
    "BLEU": [
        0.05057471264365491,
        0.04131926172792282,
        0.035726751378060265,
        0.030915039781255583
    ],
    "CIDEr": 0.008651091120968216,
    "ROUGE": 0.06409165308858553,
    "SPICE": 0.018813098031433596,
    "BERT Score": {
        "Precision": 0.6835933923721313,
        "Recall": 0.7180101275444031,
        "F1": 0.6991844177246094
    }
}