{
    "BLEU": [
        0.001591103594510901,
        3.1113057469143656e-11,
        8.903136658358815e-14,
        4.95505994112602e-15
    ],
    "CIDEr": 0.0007456826236976643,
    "ROUGE": 0.0011048521923433328,
    "SPICE": 0.017586180095735714,
    "BERT Score": {
        "Precision": 0.6851762533187866,
        "Recall": 0.6793872714042664,
        "F1": 0.6801062822341919
    }
}