{
    "BLEU": [
        0.036066183305440404,
        0.02129404493465636,
        0.016007455863107693,
        0.012908591832695028
    ],
    "CIDEr": 0.02525050700401396,
    "ROUGE": 0.06727586881659932,
    "SPICE": 0.12304275717767377,
    "BERT Score": {
        "Precision": 0.6932128071784973,
        "Recall": 0.7321625351905823,
        "F1": 0.7115160226821899
    }
}